"Date ","series ","OPEN ","HIGH ","LOW ","PREV. CLOSE ","ltp ","close ","vwap ","52W H ","52W L ","VOLUME ","VALUE ","No of trades "
"01-Jan-2018","EQ","3,692.00","3,692.00","3,634.15","3,668.85","3,650.00","3,643.80","3,666.57","3,692.00","1,830.35","1,80,738","66,26,89,108.00","10,296"
"29-Dec-2017","EQ","3,654.00","3,688.00","3,630.80","3,624.30","3,673.10","3,668.85","3,656.12","3,688.00","1,819.95","2,59,427","94,84,97,332.00","20,751"
"28-Dec-2017","EQ","3,605.00","3,652.40","3,591.05","3,579.85","3,630.05","3,624.30","3,623.41","3,652.40","1,819.95","10,83,686","3,92,66,33,723.80","24,633"
"27-Dec-2017","EQ","3,585.00","3,619.90","3,553.00","3,574.80","3,584.00","3,579.85","3,590.74","3,619.90","1,819.95","3,31,483","1,19,02,69,666.65","18,180"
"26-Dec-2017","EQ","3,590.00","3,590.00","3,543.00","3,554.40","3,567.00","3,574.80","3,566.58","3,590.00","1,819.95","2,80,741","1,00,12,85,781.20","20,179"
"22-Dec-2017","EQ","3,553.00","3,589.00","3,530.10","3,543.95","3,545.25","3,554.40","3,564.57","3,589.00","1,819.95","4,02,661","1,43,53,11,934.30","26,478"
"21-Dec-2017","EQ","3,527.05","3,568.55","3,505.00","3,509.50","3,530.00","3,543.95","3,541.83","3,568.55","1,819.95","4,02,513","1,42,56,31,691.45","25,690"
"20-Dec-2017","EQ","3,489.00","3,529.00","3,429.50","3,485.05","3,527.00","3,509.50","3,470.17","3,529.00","1,819.95","4,21,292","1,46,19,54,625.40","20,356"
"19-Dec-2017","EQ","3,429.00","3,495.00","3,420.55","3,405.85","3,480.00","3,485.05","3,467.63","3,495.00","1,819.95","6,01,804","2,08,68,31,114.20","38,000"
"18-Dec-2017","EQ","3,347.00","3,429.10","3,281.05","3,359.70","3,414.90","3,405.85","3,388.09","3,473.80","1,819.95","2,73,492","92,66,14,605.45","16,470"
"15-Dec-2017","EQ","3,390.00","3,425.00","3,345.70","3,352.15","3,356.00","3,359.70","3,377.07","3,473.80","1,819.95","3,44,735","1,16,41,93,900.75","24,225"
"14-Dec-2017","EQ","3,374.95","3,390.00","3,308.30","3,355.75","3,367.80","3,352.15","3,351.81","3,473.80","1,819.95","3,10,545","1,04,08,87,460.05","23,463"
"13-Dec-2017","EQ","3,402.15","3,433.00","3,339.95","3,392.15","3,349.10","3,355.75","3,391.15","3,473.80","1,819.95","2,75,125","93,29,91,053.25","17,957"
"12-Dec-2017","EQ","3,456.00","3,473.80","3,376.00","3,458.70","3,392.15","3,392.15","3,427.28","3,473.80","1,819.95","3,05,263","1,04,62,21,481.40","15,836"
"11-Dec-2017","EQ","3,439.00","3,469.90","3,401.50","3,420.90","3,463.00","3,458.70","3,442.72","3,469.90","1,819.95","4,03,296","1,38,84,33,518.30","27,233"
"08-Dec-2017","EQ","3,394.00","3,466.90","3,366.05","3,363.65","3,412.10","3,420.90","3,421.70","3,466.90","1,819.95","5,60,621","1,91,82,77,434.35","28,511"
"07-Dec-2017","EQ","3,352.00","3,405.50","3,320.10","3,359.65","3,363.00","3,363.65","3,372.71","3,432.95","1,819.95","4,47,848","1,51,04,59,652.30","26,422"
"06-Dec-2017","EQ","3,396.00","3,432.95","3,338.15","3,396.75","3,350.30","3,359.65","3,383.59","3,432.95","1,819.95","5,43,297","1,83,82,92,213.20","45,616"
"05-Dec-2017","EQ","3,344.55","3,420.75","3,261.00","3,310.40","3,399.50","3,396.75","3,338.03","3,420.75","1,819.95","4,45,072","1,48,56,61,706.95","26,346"
"04-Dec-2017","EQ","3,224.00","3,344.45","3,171.00","3,211.40","3,344.45","3,310.40","3,272.17","3,403.20","1,819.95","3,91,912","1,28,24,01,392.85","23,635"
"01-Dec-2017","EQ","3,308.00","3,333.50","3,180.00","3,284.65","3,182.05","3,211.40","3,274.86","3,403.20","1,819.95","3,88,229","1,27,13,96,136.65","29,167"
"30-Nov-2017","EQ","3,359.00","3,362.95","3,272.55","3,368.75","3,298.00","3,284.65","3,308.81","3,403.20","1,819.95","5,47,096","1,81,02,38,819.85","42,359"
"29-Nov-2017","EQ","3,388.50","3,403.20","3,347.35","3,375.30","3,355.00","3,368.75","3,375.17","3,403.20","1,819.95","3,90,450","1,31,78,36,824.20","25,472"
"28-Nov-2017","EQ","3,315.40","3,396.70","3,287.00","3,313.35","3,375.00","3,375.30","3,351.23","3,396.70","1,819.95","6,53,213","2,18,90,68,083.15","37,554"
"27-Nov-2017","EQ","3,250.00","3,333.50","3,250.00","3,261.65","3,307.90","3,313.35","3,309.66","3,333.50","1,819.95","6,11,420","2,02,35,92,784.85","36,894"
"24-Nov-2017","EQ","3,275.00","3,295.65","3,242.50","3,267.25","3,255.85","3,261.65","3,268.66","3,330.00","1,773.45","2,26,271","73,96,03,216.45","15,160"
"23-Nov-2017","EQ","3,309.00","3,311.75","3,230.00","3,299.60","3,266.00","3,267.25","3,270.53","3,330.00","1,773.45","3,75,472","1,22,79,92,895.40","21,581"
"22-Nov-2017","EQ","3,236.00","3,330.00","3,201.05","3,201.75","3,297.65","3,299.60","3,278.02","3,330.00","1,773.45","6,85,429","2,24,68,52,914.55","39,067"
"21-Nov-2017","EQ","3,269.00","3,275.05","3,191.20","3,244.80","3,193.10","3,201.75","3,226.74","3,275.05","1,773.45","2,92,862","94,49,88,112.85","22,184"
"20-Nov-2017","EQ","3,187.00","3,263.00","3,170.00","3,185.55","3,253.00","3,244.80","3,219.18","3,263.00","1,773.45","3,62,070","1,16,55,69,387.05","19,795"
"17-Nov-2017","EQ","3,160.00","3,225.00","3,134.00","3,117.35","3,192.00","3,185.55","3,184.37","3,225.00","1,773.45","5,74,569","1,82,96,41,134.05","29,282"
"16-Nov-2017","EQ","2,980.20","3,134.00","2,980.20","2,979.30","3,124.25","3,117.35","3,075.80","3,180.60","1,773.45","6,63,548","2,04,09,37,959.20","37,322"
"15-Nov-2017","EQ","2,990.00","3,033.90","2,970.80","3,018.60","2,977.65","2,979.30","3,000.60","3,180.60","1,773.45","2,27,635","68,30,42,206.60","18,373"
"14-Nov-2017","EQ","2,990.00","3,045.00","2,975.10","2,996.85","3,018.45","3,018.60","3,013.34","3,180.60","1,773.45","4,84,069","1,45,86,63,518.40","25,691"
"13-Nov-2017","EQ","3,044.80","3,053.00","2,980.30","3,031.60","2,991.95","2,996.85","3,013.40","3,180.60","1,773.45","2,42,191","72,98,19,241.55","12,967"
"10-Nov-2017","EQ","3,112.00","3,121.05","3,010.05","3,116.85","3,029.90","3,031.60","3,069.46","3,180.60","1,773.45","3,97,497","1,22,01,02,661.15","24,336"
"09-Nov-2017","EQ","3,089.00","3,139.30","3,006.35","3,053.10","3,110.00","3,116.85","3,079.64","3,180.60","1,773.45","4,18,212","1,28,79,41,325.95","25,571"
"08-Nov-2017","EQ","3,069.85","3,109.90","3,035.10","3,058.80","3,071.00","3,053.10","3,073.88","3,180.60","1,773.45","3,14,839","96,77,78,097.35","15,971"
"07-Nov-2017","EQ","3,114.80","3,156.00","3,020.80","3,101.00","3,050.30","3,058.80","3,094.74","3,180.60","1,773.45","4,14,400","1,28,24,58,361.50","23,560"
"06-Nov-2017","EQ","3,103.00","3,180.60","3,071.00","3,100.75","3,100.00","3,101.00","3,133.32","3,180.60","1,773.45","4,28,505","1,34,26,42,036.35","24,725"
"03-Nov-2017","EQ","3,122.10","3,124.40","3,085.85","3,105.35","3,100.00","3,100.75","3,101.39","3,176.70","1,773.45","2,90,554","90,11,22,530.20","20,498"
"02-Nov-2017","EQ","3,055.75","3,160.00","3,049.65","3,055.75","3,105.35","3,105.35","3,111.30","3,176.70","1,773.45","4,73,302","1,47,25,83,206.45","30,984"
"01-Nov-2017","EQ","3,055.00","3,094.00","3,040.00","3,051.35","3,055.00","3,055.75","3,065.07","3,176.70","1,773.45","3,96,939","1,21,66,45,541.05","26,633"
"31-Oct-2017","EQ","3,079.00","3,094.30","3,027.30","3,075.70","3,050.00","3,051.35","3,056.30","3,176.70","1,773.45","8,65,974","2,64,66,77,529.55","37,808"
"30-Oct-2017","EQ","3,060.00","3,124.00","2,969.10","3,025.75","3,073.00","3,075.70","3,061.87","3,176.70","1,773.45","18,75,710","5,74,31,75,472.05","91,484"
"27-Oct-2017","EQ","2,724.00","3,176.70","2,710.10","2,574.65","3,036.75","3,025.75","2,990.42","3,176.70","1,773.45","60,23,916","18,01,40,51,721.65","2,54,223"
"26-Oct-2017","EQ","2,545.00","2,600.00","2,500.00","2,538.70","2,592.50","2,574.65","2,559.79","2,774.00","1,773.45","6,29,322","1,61,09,29,450.50","28,194"
"25-Oct-2017","EQ","2,538.00","2,563.45","2,476.05","2,513.25","2,537.35","2,538.70","2,523.56","2,774.00","1,773.45","4,21,027","1,06,24,88,406.80","16,946"
"24-Oct-2017","EQ","2,514.00","2,543.90","2,481.20","2,501.50","2,511.00","2,513.25","2,512.48","2,774.00","1,773.45","3,11,286","78,20,98,340.60","16,489"
"23-Oct-2017","EQ","2,456.00","2,514.10","2,456.00","2,469.10","2,504.40","2,501.50","2,490.73","2,774.00","1,773.45","2,57,241","64,07,18,593.85","20,407"
"19-Oct-2017","EQ","2,515.00","2,516.90","2,449.80","2,503.15","2,454.00","2,469.10","2,484.07","2,774.00","1,773.45","49,735","12,35,45,102.75","2,688"
"18-Oct-2017","EQ","2,513.45","2,538.00","2,490.35","2,490.70","2,506.00","2,503.15","2,516.34","2,774.00","1,773.45","3,17,182","79,81,37,621.00","13,227"
"17-Oct-2017","EQ","2,424.00","2,503.00","2,414.80","2,419.25","2,502.60","2,490.70","2,463.59","2,774.00","1,773.45","4,06,220","1,00,07,57,921.80","17,154"
"16-Oct-2017","EQ","2,456.40","2,456.80","2,402.80","2,437.55","2,424.00","2,419.25","2,421.53","2,774.00","1,773.45","1,92,174","46,53,55,443.25","18,911"
"13-Oct-2017","EQ","2,463.00","2,464.65","2,418.50","2,441.55","2,426.00","2,437.55","2,438.88","2,774.00","1,773.45","1,64,451","40,10,75,902.80","10,459"
"12-Oct-2017","EQ","2,418.70","2,478.00","2,413.90","2,402.10","2,440.30","2,441.55","2,446.34","2,774.00","1,773.45","5,47,202","1,33,86,40,057.95","18,491"
"11-Oct-2017","EQ","2,389.40","2,415.95","2,380.00","2,369.20","2,411.00","2,402.10","2,400.43","2,774.00","1,773.45","2,90,119","69,64,10,168.10","14,883"
"10-Oct-2017","EQ","2,380.00","2,402.00","2,354.10","2,352.40","2,373.40","2,369.20","2,378.72","2,774.00","1,773.45","2,46,691","58,68,08,654.85","17,670"
"09-Oct-2017","EQ","2,370.00","2,373.05","2,340.05","2,361.20","2,355.00","2,352.40","2,352.42","2,774.00","1,773.45","1,94,913","45,85,17,846.75","10,225"
"06-Oct-2017","EQ","2,408.80","2,411.60","2,355.00","2,395.75","2,357.65","2,361.20","2,376.93","2,774.00","1,773.45","3,74,178","88,93,96,494.85","18,769"
"05-Oct-2017","EQ","2,390.00","2,419.90","2,387.05","2,398.95","2,393.00","2,395.75","2,402.68","2,774.00","1,773.45","1,46,662","35,23,82,038.15","9,433"
"04-Oct-2017","EQ","2,453.00","2,470.00","2,390.60","2,452.15","2,405.00","2,398.95","2,418.08","2,774.00","1,773.45","2,69,269","65,11,13,601.05","12,645"
"03-Oct-2017","EQ","2,434.40","2,467.40","2,402.30","2,397.65","2,456.00","2,452.15","2,440.92","2,774.00","1,773.45","2,45,097","59,82,60,998.20","21,775"
"29-Sep-2017","EQ","2,410.00","2,447.90","2,390.00","2,402.05","2,400.00","2,397.65","2,413.69","2,774.00","1,773.45","2,66,356","64,29,01,604.80","14,164"
"28-Sep-2017","EQ","2,414.70","2,425.00","2,390.00","2,404.90","2,410.00","2,402.05","2,404.97","2,774.00","1,773.45","2,24,000","53,87,12,720.75","13,301"
"27-Sep-2017","EQ","2,480.00","2,485.05","2,400.00","2,466.40","2,406.00","2,404.90","2,424.74","2,774.00","1,773.45","2,14,838","52,09,25,789.00","15,120"
"26-Sep-2017","EQ","2,454.00","2,484.40","2,417.65","2,445.60","2,460.05","2,466.40","2,454.41","2,774.00","1,773.45","2,10,717","51,71,85,234.30","10,990"
"25-Sep-2017","EQ","2,477.95","2,498.35","2,420.00","2,465.60","2,449.00","2,445.60","2,454.84","2,774.00","1,773.45","3,49,057","85,68,77,592.00","21,080"
"22-Sep-2017","EQ","2,540.00","2,560.80","2,455.10","2,563.75","2,474.00","2,465.60","2,494.93","2,774.00","1,773.45","2,73,443","68,22,21,472.85","17,570"
"21-Sep-2017","EQ","2,619.00","2,633.40","2,555.00","2,631.60","2,559.90","2,563.75","2,580.76","2,774.00","1,773.45","1,96,638","50,74,76,119.90","10,295"
"20-Sep-2017","EQ","2,688.00","2,690.00","2,618.70","2,672.00","2,618.70","2,631.60","2,645.18","2,774.00","1,773.45","1,51,197","39,99,43,021.05","8,199"
"19-Sep-2017","EQ","2,672.80","2,722.95","2,663.55","2,668.80","2,672.10","2,672.00","2,699.70","2,774.00","1,773.45","2,80,868","75,82,58,014.00","14,582"
"18-Sep-2017","EQ","2,655.80","2,700.00","2,638.50","2,649.05","2,667.00","2,668.80","2,675.71","2,774.00","1,773.45","2,30,000","61,54,13,193.00","13,186"
"15-Sep-2017","EQ","2,622.80","2,675.00","2,611.00","2,627.90","2,640.05","2,649.05","2,645.95","2,774.00","1,773.45","3,75,104","99,25,06,342.00","28,023"
"14-Sep-2017","EQ","2,676.00","2,692.30","2,621.00","2,656.20","2,625.00","2,627.90","2,649.88","2,774.00","1,773.45","2,00,853","53,22,37,177.15","11,911"
"13-Sep-2017","EQ","2,604.00","2,699.90","2,603.00","2,604.10","2,655.55","2,656.20","2,655.89","2,774.00","1,773.45","5,23,088","1,38,92,65,770.00","24,472"
"12-Sep-2017","EQ","2,590.00","2,625.00","2,558.25","2,581.10","2,620.00","2,604.10","2,586.30","2,774.00","1,773.45","1,69,585","43,85,97,994.20","14,348"
"11-Sep-2017","EQ","2,551.00","2,612.45","2,551.00","2,536.15","2,586.00","2,581.10","2,587.96","2,774.00","1,773.45","4,14,469","1,07,26,28,868.90","28,444"
"08-Sep-2017","EQ","2,548.80","2,558.95","2,521.10","2,538.70","2,528.20","2,536.15","2,541.95","2,774.00","1,773.45","2,48,990","63,29,19,540.40","18,661"
"07-Sep-2017","EQ","2,540.35","2,604.95","2,525.45","2,539.35","2,535.00","2,538.70","2,545.62","2,774.00","1,773.45","1,85,938","47,33,27,531.10","12,861"
"06-Sep-2017","EQ","2,551.50","2,560.00","2,528.25","2,559.50","2,538.00","2,539.35","2,540.90","2,774.00","1,773.45","2,62,099","66,59,68,594.55","13,204"
"05-Sep-2017","EQ","2,600.00","2,640.00","2,552.20","2,570.85","2,561.00","2,559.50","2,570.56","2,774.00","1,773.45","2,49,936","64,24,75,320.65","14,521"
"04-Sep-2017","EQ","2,546.00","2,655.00","2,545.95","2,550.30","2,570.00","2,570.85","2,595.74","2,774.00","1,773.45","7,24,685","1,88,10,91,989.45","36,562"
"01-Sep-2017","EQ","2,551.00","2,565.45","2,541.20","2,542.90","2,543.80","2,550.30","2,555.02","2,774.00","1,773.45","1,67,022","42,67,44,541.65","14,492"
"31-Aug-2017","EQ","2,558.70","2,575.00","2,534.15","2,555.55","2,539.90","2,542.90","2,548.45","2,774.00","1,773.45","4,98,977","1,27,16,18,552.70","30,159"
"30-Aug-2017","EQ","2,575.10","2,584.00","2,546.10","2,563.55","2,546.30","2,555.55","2,565.29","2,774.00","1,773.45","1,61,317","41,38,25,088.90","10,251"
"29-Aug-2017","EQ","2,564.00","2,579.00","2,525.00","2,571.80","2,554.00","2,563.55","2,557.75","2,774.00","1,773.45","2,59,188","66,29,38,016.10","13,007"
"28-Aug-2017","EQ","2,583.70","2,596.90","2,552.00","2,567.15","2,568.00","2,571.80","2,574.91","2,774.00","1,773.45","3,30,962","85,21,95,727.15","23,450"
"24-Aug-2017","EQ","2,525.00","2,608.00","2,525.00","2,469.45","2,565.25","2,567.15","2,574.69","2,774.00","1,773.45","8,36,932","2,15,48,40,875.10","36,771"
"23-Aug-2017","EQ","2,504.00","2,509.70","2,452.05","2,492.60","2,468.00","2,469.45","2,468.69","2,774.00","1,773.45","1,92,428","47,50,45,708.65","11,528"
"22-Aug-2017","EQ","2,539.00","2,551.80","2,482.00","2,532.60","2,502.20","2,492.60","2,512.49","2,774.00","1,773.45","1,36,863","34,38,67,250.50","7,467"
"21-Aug-2017","EQ","2,606.85","2,644.80","2,513.30","2,601.90","2,513.30","2,532.60","2,579.41","2,774.00","1,773.45","2,23,696","57,70,02,914.90","9,813"
"18-Aug-2017","EQ","2,592.00","2,620.00","2,565.05","2,601.40","2,604.65","2,601.90","2,586.37","2,774.00","1,773.45","2,16,099","55,89,12,004.30","11,902"
"17-Aug-2017","EQ","2,550.10","2,634.80","2,543.75","2,548.45","2,615.65","2,601.40","2,601.45","2,774.00","1,773.45","5,17,454","1,34,61,28,968.90","26,150"
"16-Aug-2017","EQ","2,491.00","2,556.95","2,484.20","2,474.95","2,555.00","2,548.45","2,528.70","2,774.00","1,773.45","2,14,620","54,27,09,635.25","12,083"
"14-Aug-2017","EQ","2,454.00","2,501.85","2,427.60","2,418.80","2,489.95","2,474.95","2,463.70","2,774.00","1,773.45","2,76,421","68,10,18,584.05","14,052"
"11-Aug-2017","EQ","2,451.10","2,513.00","2,415.00","2,490.80","2,420.00","2,418.80","2,450.80","2,774.00","1,773.45","5,65,996","1,38,71,41,551.65","23,093"
"10-Aug-2017","EQ","2,535.95","2,550.00","2,448.00","2,535.95","2,494.00","2,490.80","2,495.71","2,774.00","1,773.45","4,98,106","1,24,31,30,224.75","15,542"
"09-Aug-2017","EQ","2,546.95","2,569.65","2,525.00","2,548.20","2,525.00","2,535.95","2,543.33","2,774.00","1,773.45","2,14,981","54,67,66,626.95","10,746"
"08-Aug-2017","EQ","2,576.40","2,601.95","2,540.00","2,573.20","2,555.00","2,548.20","2,557.05","2,774.00","1,773.45","2,50,284","63,99,88,500.70","12,974"
"07-Aug-2017","EQ","2,599.00","2,624.90","2,562.00","2,596.10","2,567.00","2,573.20","2,586.31","2,774.00","1,773.45","2,71,272","70,15,94,026.45","13,666"
"04-Aug-2017","EQ","2,612.00","2,648.55","2,574.00","2,611.70","2,597.00","2,596.10","2,610.05","2,774.00","1,773.45","3,08,833","80,60,68,239.55","11,310"
"03-Aug-2017","EQ","2,603.60","2,657.90","2,593.55","2,598.30","2,614.00","2,611.70","2,634.75","2,774.00","1,773.45","4,35,511","1,14,74,62,386.05","24,813"
"02-Aug-2017","EQ","2,650.00","2,659.80","2,587.20","2,643.55","2,593.00","2,598.30","2,619.24","2,774.00","1,773.45","4,91,049","1,28,61,75,763.15","28,931"
"01-Aug-2017","EQ","2,540.00","2,651.00","2,525.00","2,535.70","2,643.35","2,643.55","2,611.57","2,774.00","1,773.45","6,33,610","1,65,47,13,711.25","29,858"
"31-Jul-2017","EQ","2,572.80","2,577.95","2,525.00","2,560.10","2,533.60","2,535.70","2,537.84","2,774.00","1,773.45","2,53,196","64,25,71,872.25","16,547"
"28-Jul-2017","EQ","2,550.05","2,598.00","2,540.05","2,545.80","2,560.00","2,560.10","2,562.62","2,774.00","1,773.45","4,25,430","1,09,02,17,547.05","16,482"
"27-Jul-2017","EQ","2,587.60","2,611.50","2,530.00","2,572.45","2,560.00","2,545.80","2,564.70","2,774.00","1,773.45","3,41,260","87,52,28,694.50","21,125"
"26-Jul-2017","EQ","2,599.70","2,602.95","2,566.00","2,596.25","2,570.00","2,572.45","2,581.69","2,774.00","1,773.45","3,17,779","82,04,06,681.25","15,750"
"25-Jul-2017","EQ","2,633.00","2,657.40","2,566.20","2,641.65","2,597.00","2,596.25","2,591.44","2,774.00","1,773.45","8,47,622","2,19,65,59,222.20","52,984"
"24-Jul-2017","EQ","2,705.00","2,727.95","2,619.00","2,704.70","2,652.10","2,641.65","2,665.03","2,774.00","1,773.45","5,19,944","1,38,56,64,436.35","27,429"
"21-Jul-2017","EQ","2,704.40","2,740.00","2,653.00","2,697.90","2,732.50","2,704.70","2,681.90","2,774.00","1,773.45","4,26,345","1,14,34,15,711.95","19,546"
"20-Jul-2017","EQ","2,731.00","2,754.90","2,686.70","2,734.50","2,686.70","2,697.90","2,719.54","2,774.00","1,773.45","2,31,562","62,97,42,429.55","11,883"
"19-Jul-2017","EQ","2,738.00","2,774.00","2,722.20","2,731.60","2,730.00","2,734.50","2,744.31","2,774.00","1,773.45","3,02,324","82,96,70,193.15","17,593"
"18-Jul-2017","EQ","2,739.00","2,753.95","2,719.20","2,755.25","2,733.00","2,731.60","2,731.29","2,769.90","1,773.45","3,17,149","86,62,24,818.30","22,381"
"17-Jul-2017","EQ","2,670.00","2,769.90","2,669.95","2,670.30","2,757.00","2,755.25","2,738.70","2,769.90","1,773.45","8,83,417","2,41,94,16,028.50","42,209"
"14-Jul-2017","EQ","2,655.00","2,701.00","2,651.55","2,654.25","2,670.00","2,670.30","2,671.31","2,701.00","1,773.45","3,47,684","92,87,73,248.45","16,112"
"13-Jul-2017","EQ","2,685.00","2,688.00","2,638.15","2,673.85","2,660.00","2,654.25","2,660.26","2,688.00","1,773.45","3,41,301","90,79,50,133.95","23,750"
"12-Jul-2017","EQ","2,680.00","2,687.35","2,653.00","2,639.80","2,675.35","2,673.85","2,670.68","2,687.35","1,773.45","4,69,831","1,25,47,69,839.55","24,010"
"11-Jul-2017","EQ","2,660.05","2,679.95","2,617.05","2,637.95","2,639.25","2,639.80","2,658.86","2,679.95","1,773.45","5,19,453","1,38,11,54,783.05","26,067"
"10-Jul-2017","EQ","2,648.00","2,648.00","2,360.50","2,622.50","2,644.00","2,637.95","2,629.23","2,674.00","1,773.45","83,437","21,93,75,326.75","3,757"
"07-Jul-2017","EQ","2,540.05","2,651.90","2,540.05","2,554.95","2,626.00","2,622.50","2,612.96","2,698.70","1,773.45","9,38,096","2,45,12,11,157.05","42,639"
"06-Jul-2017","EQ","2,604.95","2,630.00","2,545.00","2,595.15","2,555.00","2,554.95","2,581.17","2,698.70","1,773.45","6,88,626","1,77,74,60,318.15","35,872"
"05-Jul-2017","EQ","2,566.00","2,604.00","2,535.20","2,524.15","2,602.05","2,595.15","2,583.20","2,698.70","1,773.45","11,09,331","2,86,56,20,951.40","47,805"
"04-Jul-2017","EQ","2,439.00","2,542.40","2,436.00","2,431.75","2,537.00","2,524.15","2,498.34","2,698.70","1,773.45","11,54,499","2,88,43,34,958.60","49,788"
"03-Jul-2017","EQ","2,410.00","2,465.95","2,402.05","2,398.35","2,436.00","2,431.75","2,438.95","2,698.70","1,773.45","4,01,557","97,93,78,872.45","20,289"
"30-Jun-2017","EQ","2,354.95","2,410.00","2,342.00","2,350.10","2,406.10","2,398.35","2,388.67","2,698.70","1,773.45","6,63,704","1,58,53,69,323.20","36,161"
"29-Jun-2017","EQ","2,403.90","2,403.90","2,340.00","2,367.95","2,355.00","2,350.10","2,373.30","2,698.70","1,773.45","6,25,634","1,48,48,19,674.65","37,452"
"28-Jun-2017","EQ","2,288.00","2,408.95","2,278.00","2,278.90","2,365.20","2,367.95","2,364.11","2,698.70","1,773.45","18,85,751","4,45,81,23,197.65","91,890"
"27-Jun-2017","EQ","2,310.00","2,325.00","2,255.55","2,248.70","2,290.55","2,278.90","2,284.15","2,698.70","1,773.45","3,92,762","89,71,26,311.40","26,116"
"23-Jun-2017","EQ","2,305.00","2,317.25","2,241.30","2,294.50","2,250.10","2,248.70","2,264.76","2,698.70","1,773.45","3,05,327","69,14,92,132.35","20,925"
"22-Jun-2017","EQ","2,315.25","2,347.70","2,281.70","2,321.15","2,289.00","2,294.50","2,321.57","2,698.70","1,773.45","3,57,384","82,96,91,928.60","24,549"
"21-Jun-2017","EQ","2,285.00","2,350.35","2,257.60","2,283.10","2,320.05","2,321.15","2,315.60","2,698.70","1,773.45","5,73,708","1,32,84,77,815.55","34,115"
"20-Jun-2017","EQ","2,308.00","2,319.00","2,273.40","2,299.90","2,285.00","2,283.10","2,294.56","2,698.70","1,773.45","2,07,494","47,61,07,518.50","17,387"
"19-Jun-2017","EQ","2,293.95","2,325.75","2,282.90","2,282.60","2,297.00","2,299.90","2,302.82","2,698.70","1,773.45","2,74,324","63,17,18,079.55","17,504"
"16-Jun-2017","EQ","2,323.00","2,323.00","2,272.70","2,305.75","2,282.00","2,282.60","2,296.21","2,698.70","1,773.45","3,59,966","82,65,56,237.55","27,126"
"15-Jun-2017","EQ","2,362.00","2,384.00","2,289.80","2,360.90","2,302.90","2,305.75","2,331.41","2,698.70","1,773.45","3,35,906","78,31,33,544.70","21,072"
"14-Jun-2017","EQ","2,380.00","2,385.00","2,351.75","2,368.55","2,361.00","2,360.90","2,368.32","2,698.70","1,773.45","2,47,346","58,57,95,274.75","19,168"
"13-Jun-2017","EQ","2,384.00","2,411.55","2,360.55","2,370.50","2,367.00","2,368.55","2,384.84","2,698.70","1,773.45","4,85,767","1,15,84,77,206.15","23,517"
"12-Jun-2017","EQ","2,370.00","2,393.00","2,330.00","2,376.10","2,378.00","2,370.50","2,366.58","2,698.70","1,773.45","3,21,171","76,00,77,821.80","15,303"
"09-Jun-2017","EQ","2,414.00","2,414.00","2,357.05","2,372.40","2,375.20","2,376.10","2,382.10","2,698.70","1,773.45","7,12,606","1,69,74,99,966.05","33,993"
"08-Jun-2017","EQ","2,367.00","2,433.60","2,350.45","2,350.70","2,374.00","2,372.40","2,392.95","2,698.70","1,773.45","12,18,610","2,91,60,78,422.40","51,035"
"07-Jun-2017","EQ","2,437.70","2,439.95","2,341.35","2,430.70","2,347.60","2,350.70","2,377.70","2,698.70","1,773.45","5,63,555","1,33,99,64,061.25","29,992"
"06-Jun-2017","EQ","2,470.30","2,489.10","2,408.05","2,484.95","2,410.65","2,430.70","2,439.32","2,698.70","1,773.45","9,72,248","2,37,16,22,448.25","39,143"
"05-Jun-2017","EQ","2,344.40","2,518.90","2,326.00","2,343.95","2,497.00","2,484.95","2,465.20","2,698.70","1,773.45","17,07,043","4,20,82,00,764.95","81,461"
"02-Jun-2017","EQ","2,325.00","2,369.00","2,302.60","2,313.95","2,336.00","2,343.95","2,338.32","2,698.70","1,773.45","8,11,348","1,89,71,95,138.20","44,067"
"01-Jun-2017","EQ","2,200.00","2,353.45","2,200.00","2,265.35","2,314.00","2,313.95","2,283.85","2,698.70","1,773.45","10,83,779","2,47,51,84,133.25","50,408"
"31-May-2017","EQ","2,170.00","2,327.00","2,161.00","2,092.45","2,257.90","2,265.35","2,271.50","2,698.70","1,773.45","32,22,112","7,31,90,39,695.00","1,48,518"
"30-May-2017","EQ","2,020.00","2,103.30","2,000.00","2,017.85","2,086.05","2,092.45","2,070.25","2,698.70","1,773.45","4,43,785","91,87,46,316.25","26,177"
"29-May-2017","EQ","2,055.00","2,060.95","1,990.00","2,056.60","2,025.00","2,017.85","2,017.68","2,698.70","1,773.45","2,84,819","57,46,72,460.80","18,381"
"26-May-2017","EQ","1,990.15","2,090.95","1,990.15","1,999.05","2,055.00","2,056.60","2,052.03","2,698.70","1,773.45","4,03,212","82,74,02,174.25","19,807"
"25-May-2017","EQ","2,015.00","2,028.75","1,983.50","2,011.55","1,995.55","1,999.05","2,002.33","2,698.70","1,773.45","6,22,907","1,24,72,64,121.00","21,719"
"24-May-2017","EQ","2,029.00","2,044.70","1,967.70","2,014.40","2,019.00","2,011.55","2,006.83","2,698.70","1,773.45","5,05,096","1,01,36,43,230.00","27,325"
"23-May-2017","EQ","2,045.00","2,060.00","1,932.00","2,061.45","2,021.00","2,014.40","1,995.60","2,698.70","1,773.45","8,44,875","1,68,60,35,385.45","39,372"
"22-May-2017","EQ","1,935.00","2,089.80","1,935.00","1,920.80","2,051.85","2,061.45","2,051.14","2,698.70","1,773.45","17,15,368","3,51,84,63,850.55","76,833"
"19-May-2017","EQ","2,070.00","2,072.05","1,911.70","2,045.20","1,924.15","1,920.80","1,961.54","2,698.70","1,773.45","7,31,889","1,43,56,28,800.25","31,820"
"18-May-2017","EQ","2,114.00","2,115.00","2,036.10","2,121.20","2,041.20","2,045.20","2,072.96","2,698.70","1,773.45","4,49,462","93,17,18,853.10","26,640"
"17-May-2017","EQ","2,129.40","2,182.00","2,111.70","2,121.50","2,122.00","2,121.20","2,139.25","2,698.70","1,773.45","3,03,207","64,86,35,810.85","20,384"
"16-May-2017","EQ","2,149.00","2,167.15","2,111.45","2,152.45","2,119.90","2,121.50","2,130.45","2,698.70","1,773.45","3,73,163","79,50,03,935.35","20,846"
"15-May-2017","EQ","2,180.00","2,215.00","2,141.00","2,176.80","2,142.80","2,152.45","2,179.95","2,698.70","1,773.45","4,32,290","94,23,71,584.75","28,318"
"12-May-2017","EQ","2,108.00","2,216.45","2,106.40","2,136.25","2,175.00","2,176.80","2,175.82","2,729.00","1,773.45","13,57,295","2,95,32,24,908.95","70,558"
"11-May-2017","EQ","1,970.00","2,203.95","1,970.00","1,962.60","2,134.00","2,136.25","2,117.73","2,729.00","1,773.45","25,62,865","5,42,74,51,161.35","1,06,835"
"10-May-2017","EQ","1,900.00","1,985.50","1,900.00","1,897.05","1,961.00","1,962.60","1,957.12","2,729.00","1,773.45","5,32,092","1,04,13,66,820.90","30,818"
"09-May-2017","EQ","1,898.00","1,911.00","1,883.25","1,903.00","1,888.60","1,897.05","1,898.92","2,729.00","1,773.45","1,40,391","26,65,91,217.75","12,861"
"08-May-2017","EQ","1,902.00","1,918.00","1,893.05","1,898.70","1,905.00","1,903.00","1,903.13","2,729.00","1,773.45","1,42,944","27,20,41,643.60","11,797"
"05-May-2017","EQ","1,922.85","1,925.15","1,888.05","1,925.90","1,898.00","1,898.70","1,902.60","2,729.00","1,773.45","1,87,068","35,59,16,003.80","11,095"
"04-May-2017","EQ","1,927.10","1,957.25","1,915.00","1,936.85","1,926.70","1,925.90","1,931.75","2,729.00","1,773.45","2,21,364","42,76,19,858.10","12,107"
"03-May-2017","EQ","1,945.00","1,955.20","1,925.15","1,935.80","1,935.00","1,936.85","1,942.01","2,729.00","1,773.45","2,78,073","54,00,20,348.25","16,524"
"02-May-2017","EQ","1,888.80","1,940.40","1,876.00","1,875.95","1,932.20","1,935.80","1,900.30","2,729.00","1,773.45","12,19,625","2,31,76,48,219.35","23,091"
"28-Apr-2017","EQ","1,855.00","1,914.95","1,846.25","1,851.00","1,886.00","1,875.95","1,872.80","2,729.00","1,773.45","4,46,702","83,65,83,321.65","15,120"
"27-Apr-2017","EQ","1,899.00","1,899.00","1,837.70","1,889.55","1,842.25","1,851.00","1,857.62","2,729.00","1,773.45","6,58,169","1,22,26,30,453.75","21,476"
"26-Apr-2017","EQ","1,922.10","1,938.80","1,880.00","1,921.60","1,894.25","1,889.55","1,907.99","2,729.00","1,773.45","4,72,541","90,16,05,671.95","18,722"
"25-Apr-2017","EQ","1,941.90","1,944.80","1,912.40","1,931.05","1,921.00","1,921.60","1,925.36","2,729.00","1,773.45","2,76,640","53,26,30,693.90","16,642"
"24-Apr-2017","EQ","1,911.00","1,944.00","1,902.05","1,903.65","1,931.90","1,931.05","1,931.49","2,729.00","1,773.45","2,99,432","57,83,49,362.75","15,790"
"21-Apr-2017","EQ","1,898.80","1,914.20","1,888.55","1,888.30","1,901.00","1,903.65","1,901.82","2,729.00","1,773.45","1,75,837","33,44,09,549.45","11,885"
"20-Apr-2017","EQ","1,901.00","1,922.65","1,878.05","1,906.35","1,889.00","1,888.30","1,895.24","2,729.00","1,773.45","8,55,089","1,62,05,94,695.75","21,370"
"19-Apr-2017","EQ","1,907.00","1,917.95","1,892.00","1,885.10","1,902.00","1,906.35","1,905.38","2,729.00","1,773.45","1,90,517","36,30,07,907.85","11,022"
"18-Apr-2017","EQ","1,929.95","1,929.95","1,830.35","1,924.85","1,890.00","1,885.10","1,896.01","2,729.00","1,773.45","4,12,302","78,17,27,100.25","13,988"
"17-Apr-2017","EQ","1,900.00","1,938.05","1,895.00","1,901.85","1,922.00","1,924.85","1,924.90","2,729.00","1,773.45","3,49,470","67,26,94,205.35","16,782"
"13-Apr-2017","EQ","1,910.00","1,922.75","1,880.00","1,906.65","1,905.00","1,901.85","1,901.57","2,729.00","1,773.45","9,29,391","1,76,73,03,602.85","24,174"
"12-Apr-2017","EQ","1,855.00","1,920.00","1,840.65","1,881.60","1,905.00","1,906.65","1,890.56","2,729.00","1,773.45","14,93,622","2,82,37,88,999.15","58,944"
"11-Apr-2017","EQ","1,860.10","1,904.75","1,838.00","1,889.10","1,894.30","1,881.60","1,861.22","2,729.00","1,773.45","12,47,191","2,32,12,95,948.45","56,852"
"10-Apr-2017","EQ","2,030.00","2,035.00","1,871.80","2,024.05","1,887.00","1,889.10","1,933.46","2,729.00","1,773.45","14,15,569","2,73,69,46,067.50","53,011"
"07-Apr-2017","EQ","2,037.00","2,046.75","2,017.20","2,032.60","2,025.10","2,024.05","2,029.01","2,729.00","1,773.45","2,73,383","55,46,95,807.85","15,792"
"06-Apr-2017","EQ","2,025.00","2,043.30","2,016.00","2,030.65","2,035.00","2,032.60","2,026.56","2,729.00","1,773.45","2,86,415","58,04,36,073.20","24,826"
"05-Apr-2017","EQ","2,045.00","2,056.35","2,012.15","2,046.85","2,024.00","2,030.65","2,032.82","2,729.00","1,773.45","5,35,512","1,08,85,99,391.55","30,620"
"03-Apr-2017","EQ","2,065.00","2,079.50","2,003.00","2,174.70","2,044.00","2,046.85","2,044.40","2,729.00","1,773.45","10,28,036","2,10,17,16,909.95","41,482"
"31-Mar-2017","EQ","2,187.00","2,193.90","2,162.50","2,194.10","2,175.00","2,174.70","2,175.72","2,729.00","1,773.45","2,68,234","58,36,02,101.25","19,798"
"30-Mar-2017","EQ","2,211.00","2,237.30","2,185.00","2,213.95","2,190.00","2,194.10","2,212.68","2,729.00","1,773.45","4,96,004","1,09,74,98,026.10","27,056"
"29-Mar-2017","EQ","2,195.00","2,222.00","2,187.25","2,187.25","2,204.25","2,213.95","2,201.60","2,729.00","1,773.45","3,26,042","71,78,13,889.75","24,829"
"28-Mar-2017","EQ","2,204.90","2,211.15","2,182.45","2,192.05","2,191.55","2,187.25","2,191.56","2,729.00","1,773.45","1,90,680","41,78,87,443.70","12,042"
"27-Mar-2017","EQ","2,220.00","2,220.00","2,182.60","2,226.90","2,195.00","2,192.05","2,196.82","2,729.00","1,773.45","1,91,004","41,96,00,817.80","10,920"
"24-Mar-2017","EQ","2,193.00","2,238.80","2,193.00","2,204.70","2,214.90","2,226.90","2,218.68","2,729.00","1,773.45","3,22,680","71,59,23,398.10","17,273"
"23-Mar-2017","EQ","2,150.00","2,214.55","2,136.00","2,134.75","2,197.00","2,204.70","2,190.82","2,729.00","1,773.45","3,31,119","72,54,23,290.55","16,613"
"22-Mar-2017","EQ","2,140.00","2,152.50","2,114.20","2,161.80","2,142.00","2,134.75","2,133.12","2,729.00","1,773.45","7,98,480","1,70,32,50,331.75","23,231"
"21-Mar-2017","EQ","2,195.00","2,201.70","2,155.10","2,189.65","2,170.00","2,161.80","2,167.35","2,729.00","1,773.45","3,25,363","70,51,74,216.60","21,869"
"20-Mar-2017","EQ","2,200.00","2,214.00","2,180.00","2,205.55","2,187.00","2,189.65","2,194.46","2,729.00","1,773.45","3,16,968","69,55,72,120.50","18,323"
"17-Mar-2017","EQ","2,223.70","2,238.55","2,180.35","2,217.45","2,203.05","2,205.55","2,210.32","2,729.00","1,773.45","4,37,954","96,80,16,770.95","28,969"
"16-Mar-2017","EQ","2,259.00","2,259.00","2,210.00","2,271.70","2,219.85","2,217.45","2,225.10","2,729.00","1,773.45","3,53,578","78,67,45,591.85","22,984"
"15-Mar-2017","EQ","2,246.00","2,317.45","2,223.00","2,241.35","2,269.40","2,271.70","2,283.34","2,729.00","1,773.45","6,12,091","1,39,76,14,209.00","29,956"
"14-Mar-2017","EQ","2,244.90","2,274.30","2,219.95","2,210.55","2,246.00","2,241.35","2,250.37","2,729.00","1,773.45","2,39,340","53,86,03,663.80","17,426"
"10-Mar-2017","EQ","2,222.00","2,246.00","2,204.10","2,217.60","2,206.15","2,210.55","2,221.91","2,729.00","1,773.45","1,37,748","30,60,64,123.10","9,648"
"09-Mar-2017","EQ","2,239.00","2,257.70","2,210.65","2,240.80","2,216.10","2,217.60","2,236.17","2,729.00","1,773.45","1,60,359","35,85,90,260.30","12,250"
"08-Mar-2017","EQ","2,275.00","2,285.70","2,226.00","2,270.80","2,236.80","2,240.80","2,247.57","2,729.00","1,773.45","2,46,992","55,51,31,765.80","12,357"
"07-Mar-2017","EQ","2,310.00","2,310.00","2,261.00","2,304.65","2,268.00","2,270.80","2,279.09","2,729.00","1,773.45","1,74,947","39,87,20,024.80","10,945"
"06-Mar-2017","EQ","2,290.00","2,319.00","2,288.05","2,285.45","2,306.00","2,304.65","2,302.96","2,729.00","1,773.45","1,12,372","25,87,88,626.05","8,956"
"03-Mar-2017","EQ","2,304.50","2,305.00","2,280.00","2,304.25","2,284.40","2,285.45","2,290.82","2,729.00","1,773.45","1,59,449","36,52,69,592.25","10,841"
"02-Mar-2017","EQ","2,344.70","2,377.20","2,293.55","2,328.10","2,301.90","2,304.25","2,339.05","2,729.00","1,773.45","3,76,584","88,08,49,010.20","19,947"
"01-Mar-2017","EQ","2,345.00","2,365.00","2,319.00","2,345.10","2,326.35","2,328.10","2,341.40","2,729.00","1,773.45","1,73,267","40,56,86,728.20","12,034"
"28-Feb-2017","EQ","2,320.00","2,372.45","2,320.00","2,319.15","2,348.00","2,345.10","2,349.60","2,729.00","1,773.45","3,28,324","77,14,31,290.65","23,349"
"27-Feb-2017","EQ","2,337.70","2,357.00","2,306.00","2,331.35","2,315.60","2,319.15","2,333.67","2,729.00","1,773.45","3,38,388","78,96,86,063.55","17,786"
"23-Feb-2017","EQ","2,399.00","2,400.00","2,325.10","2,397.35","2,345.00","2,331.35","2,348.79","2,833.00","1,773.45","4,29,248","1,00,82,14,294.55","20,340"
"22-Feb-2017","EQ","2,415.00","2,427.70","2,389.25","2,415.50","2,390.00","2,397.35","2,403.77","2,833.00","1,773.45","3,05,559","73,44,92,908.40","23,968"
"21-Feb-2017","EQ","2,344.90","2,426.95","2,325.55","2,339.30","2,410.00","2,415.50","2,400.27","2,833.00","1,773.45","7,54,376","1,81,07,07,021.15","36,057"
"20-Feb-2017","EQ","2,361.00","2,394.00","2,330.05","2,363.70","2,331.05","2,339.30","2,359.39","2,833.00","1,773.45","2,72,792","64,36,23,172.65","15,593"
"17-Feb-2017","EQ","2,330.00","2,375.85","2,312.00","2,316.60","2,360.90","2,363.70","2,349.14","2,833.00","1,773.45","2,34,913","55,18,44,230.15","15,305"
"16-Feb-2017","EQ","2,323.90","2,344.60","2,305.05","2,315.10","2,312.00","2,316.60","2,324.96","2,833.00","1,773.45","2,77,407","64,49,60,067.55","9,741"
"15-Feb-2017","EQ","2,353.80","2,359.55","2,308.60","2,359.60","2,317.00","2,315.10","2,324.60","2,833.00","1,773.45","2,07,698","48,28,14,994.30","13,998"
"14-Feb-2017","EQ","2,349.80","2,373.70","2,321.55","2,345.30","2,351.00","2,359.60","2,351.79","2,833.00","1,773.45","2,52,156","59,30,17,630.10","16,269"
"13-Feb-2017","EQ","2,377.00","2,383.95","2,306.90","2,352.75","2,335.00","2,345.30","2,350.20","2,833.00","1,773.45","4,30,740","1,01,23,25,024.50","22,404"
"10-Feb-2017","EQ","2,258.80","2,364.00","2,246.70","2,256.40","2,355.40","2,352.75","2,324.59","2,833.00","1,773.45","5,85,262","1,36,04,96,152.15","29,742"
"09-Feb-2017","EQ","2,270.10","2,288.95","2,235.10","2,267.70","2,270.00","2,256.40","2,257.51","2,833.00","1,773.45","2,91,489","65,80,38,566.80","21,788"
"08-Feb-2017","EQ","2,275.10","2,290.00","2,227.50","2,274.95","2,270.00","2,267.70","2,254.62","2,833.00","1,773.45","3,41,557","77,00,82,789.00","20,037"
"07-Feb-2017","EQ","2,286.20","2,330.80","2,251.55","2,255.35","2,281.25","2,274.95","2,286.12","2,833.00","1,773.45","4,72,250","1,07,96,19,144.35","23,394"
"06-Feb-2017","EQ","2,288.70","2,289.75","2,239.30","2,265.45","2,264.00","2,255.35","2,260.24","2,833.00","1,773.45","2,25,987","51,07,84,278.40","10,424"
"03-Feb-2017","EQ","2,282.00","2,297.00","2,248.05","2,278.60","2,269.00","2,265.45","2,264.39","2,833.00","1,773.45","2,03,798","46,14,77,751.25","14,429"
"02-Feb-2017","EQ","2,291.90","2,316.30","2,267.00","2,292.00","2,281.00","2,278.60","2,291.16","2,833.00","1,773.45","4,21,667","96,61,07,137.65","23,625"
"01-Feb-2017","EQ","2,170.00","2,302.70","2,130.80","2,178.50","2,283.05","2,292.00","2,239.32","2,833.00","1,773.45","7,17,648","1,60,70,47,049.45","40,087"
"31-Jan-2017","EQ","2,248.00","2,248.00","2,169.20","2,241.90","2,182.00","2,178.50","2,196.30","2,833.00","1,773.45","2,55,348","56,08,21,478.75","13,210"
"30-Jan-2017","EQ","2,277.00","2,277.80","2,232.25","2,270.55","2,246.00","2,241.90","2,245.79","2,833.00","1,773.45","2,11,001","47,38,64,722.40","12,743"
"27-Jan-2017","EQ","2,195.80","2,328.10","2,195.50","2,194.15","2,270.00","2,270.55","2,289.55","2,868.00","1,773.45","9,14,115","2,09,29,16,397.10","42,190"
"25-Jan-2017","EQ","2,206.00","2,225.00","2,185.00","2,208.60","2,187.00","2,194.15","2,205.05","2,868.00","1,773.45","4,59,306","1,01,27,92,098.65","29,001"
"24-Jan-2017","EQ","2,230.00","2,235.95","2,181.00","2,203.85","2,213.00","2,208.60","2,209.91","2,868.00","1,773.45","7,94,915","1,75,66,92,826.05","36,880"
"23-Jan-2017","EQ","2,134.00","2,220.00","2,126.15","2,077.90","2,211.90","2,203.85","2,173.76","2,868.00","1,773.45","18,46,183","4,01,31,50,436.15","91,236"
"20-Jan-2017","EQ","2,053.00","2,088.60","2,041.30","2,044.80","2,080.00","2,077.90","2,069.07","2,868.00","1,773.45","6,01,083","1,24,36,81,451.70","29,606"
"19-Jan-2017","EQ","2,110.00","2,145.00","2,025.00","2,104.60","2,052.00","2,044.80","2,075.60","2,868.00","1,773.45","8,76,222","1,81,86,84,379.40","47,310"
"18-Jan-2017","EQ","2,110.00","2,232.80","2,074.40","2,085.15","2,112.00","2,104.60","2,163.38","2,868.00","1,773.45","26,16,889","5,66,13,12,859.45","1,30,732"
"17-Jan-2017","EQ","1,961.00","2,109.90","1,951.10","1,957.30","2,084.90","2,085.15","2,058.86","2,868.00","1,773.45","12,60,776","2,59,57,58,704.55","64,605"
"16-Jan-2017","EQ","1,920.00","1,970.00","1,910.00","1,917.65","1,961.65","1,957.30","1,941.97","2,868.00","1,773.45","1,42,738","27,71,92,774.65","8,337"
"13-Jan-2017","EQ","1,915.00","1,920.00","1,895.20","1,908.55","1,918.95","1,917.65","1,912.11","2,868.00","1,773.45","96,546","18,46,06,200.40","6,492"
"12-Jan-2017","EQ","1,925.00","1,936.20","1,895.65","1,917.95","1,910.00","1,908.55","1,915.87","2,868.00","1,773.45","1,19,204","22,83,79,752.95","8,052"
"11-Jan-2017","EQ","1,918.00","1,928.35","1,907.50","1,909.40","1,915.05","1,917.95","1,918.28","2,868.00","1,773.45","1,15,968","22,24,58,756.05","7,412"
"10-Jan-2017","EQ","1,912.00","1,921.75","1,900.05","1,908.75","1,909.20","1,909.40","1,909.46","2,868.00","1,773.45","87,247","16,65,94,260.15","5,674"
"09-Jan-2017","EQ","1,900.00","1,935.00","1,894.95","1,919.10","1,911.00","1,908.75","1,915.01","2,868.00","1,773.45","1,00,592","19,26,34,222.15","7,445"
"06-Jan-2017","EQ","1,942.00","1,945.55","1,915.00","1,941.30","1,916.55","1,919.10","1,925.36","3,019.45","1,773.45","1,05,172","20,24,93,728.65","8,657"
"05-Jan-2017","EQ","1,965.00","1,967.15","1,926.25","1,950.15","1,942.00","1,941.30","1,949.20","3,019.45","1,773.45","1,06,212","20,70,28,786.80","8,377"
"04-Jan-2017","EQ","1,920.00","1,954.95","1,913.00","1,912.35","1,942.55","1,950.15","1,932.63","3,019.45","1,773.45","2,19,009","42,32,63,579.35","13,311"
"03-Jan-2017","EQ","1,944.80","1,944.80","1,905.00","1,932.35","1,910.00","1,912.35","1,917.50","3,019.45","1,773.45","1,95,550","37,49,67,361.35","7,984"
"02-Jan-2017","EQ","1,949.65","1,957.90","1,923.90","1,942.80","1,928.00","1,932.35","1,939.10","3,019.45","1,773.45","1,57,834","30,60,55,991.10","5,722"